[
  {
    "name": "Application Start",
    "start": 1577756611594,
    "end": 1577756612250,
    "duration": 656,
    "pid": 17384,
    "index": 0
  },
  {
    "name": "Load Plugin",
    "start": 1577756611603,
    "end": 1577756611635,
    "duration": 32,
    "pid": 17384,
    "index": 1
  },
  {
    "name": "Load Config",
    "start": 1577756611635,
    "end": 1577756611667,
    "duration": 32,
    "pid": 17384,
    "index": 2
  },
  {
    "name": "Require(0) config/config.default.js",
    "start": 1577756611636,
    "end": 1577756611637,
    "duration": 1,
    "pid": 17384,
    "index": 3
  },
  {
    "name": "Require(1) node_modules/egg-session/config/config.default.js",
    "start": 1577756611639,
    "end": 1577756611639,
    "duration": 0,
    "pid": 17384,
    "index": 4
  },
  {
    "name": "Require(2) node_modules/egg-security/config/config.default.js",
    "start": 1577756611640,
    "end": 1577756611640,
    "duration": 0,
    "pid": 17384,
    "index": 5
  },
  {
    "name": "Require(3) node_modules/egg-jsonp/config/config.default.js",
    "start": 1577756611641,
    "end": 1577756611642,
    "duration": 1,
    "pid": 17384,
    "index": 6
  },
  {
    "name": "Require(4) node_modules/egg-onerror/config/config.default.js",
    "start": 1577756611642,
    "end": 1577756611643,
    "duration": 1,
    "pid": 17384,
    "index": 7
  },
  {
    "name": "Require(5) node_modules/egg-i18n/config/config.default.js",
    "start": 1577756611643,
    "end": 1577756611644,
    "duration": 1,
    "pid": 17384,
    "index": 8
  },
  {
    "name": "Require(6) node_modules/egg-watcher/config/config.default.js",
    "start": 1577756611645,
    "end": 1577756611646,
    "duration": 1,
    "pid": 17384,
    "index": 9
  },
  {
    "name": "Require(7) node_modules/egg-schedule/config/config.default.js",
    "start": 1577756611646,
    "end": 1577756611647,
    "duration": 1,
    "pid": 17384,
    "index": 10
  },
  {
    "name": "Require(8) node_modules/egg-multipart/config/config.default.js",
    "start": 1577756611647,
    "end": 1577756611648,
    "duration": 1,
    "pid": 17384,
    "index": 11
  },
  {
    "name": "Require(9) node_modules/egg-development/config/config.default.js",
    "start": 1577756611648,
    "end": 1577756611649,
    "duration": 1,
    "pid": 17384,
    "index": 12
  },
  {
    "name": "Require(10) node_modules/egg-logrotator/config/config.default.js",
    "start": 1577756611649,
    "end": 1577756611650,
    "duration": 1,
    "pid": 17384,
    "index": 13
  },
  {
    "name": "Require(11) node_modules/egg-static/config/config.default.js",
    "start": 1577756611650,
    "end": 1577756611651,
    "duration": 1,
    "pid": 17384,
    "index": 14
  },
  {
    "name": "Require(12) node_modules/egg-view/config/config.default.js",
    "start": 1577756611651,
    "end": 1577756611652,
    "duration": 1,
    "pid": 17384,
    "index": 15
  },
  {
    "name": "Require(13) node_modules/egg-mysql/config/config.default.js",
    "start": 1577756611652,
    "end": 1577756611653,
    "duration": 1,
    "pid": 17384,
    "index": 16
  },
  {
    "name": "Require(14) node_modules/egg-cors/config/config.default.js",
    "start": 1577756611653,
    "end": 1577756611654,
    "duration": 1,
    "pid": 17384,
    "index": 17
  },
  {
    "name": "Require(15) node_modules/egg-jwt/config/config.default.js",
    "start": 1577756611654,
    "end": 1577756611654,
    "duration": 0,
    "pid": 17384,
    "index": 18
  },
  {
    "name": "Require(16) node_modules/egg/config/config.default.js",
    "start": 1577756611655,
    "end": 1577756611656,
    "duration": 1,
    "pid": 17384,
    "index": 19
  },
  {
    "name": "Require(17) config/config.default.js",
    "start": 1577756611657,
    "end": 1577756611657,
    "duration": 0,
    "pid": 17384,
    "index": 20
  },
  {
    "name": "Require(18) node_modules/egg-security/config/config.local.js",
    "start": 1577756611658,
    "end": 1577756611658,
    "duration": 0,
    "pid": 17384,
    "index": 21
  },
  {
    "name": "Require(19) node_modules/egg-watcher/config/config.local.js",
    "start": 1577756611661,
    "end": 1577756611664,
    "duration": 3,
    "pid": 17384,
    "index": 22
  },
  {
    "name": "Require(20) node_modules/egg-view/config/config.local.js",
    "start": 1577756611665,
    "end": 1577756611666,
    "duration": 1,
    "pid": 17384,
    "index": 23
  },
  {
    "name": "Require(21) node_modules/egg/config/config.local.js",
    "start": 1577756611667,
    "end": 1577756611667,
    "duration": 0,
    "pid": 17384,
    "index": 24
  },
  {
    "name": "Load extend/application.js",
    "start": 1577756611669,
    "end": 1577756611768,
    "duration": 99,
    "pid": 17384,
    "index": 25
  },
  {
    "name": "Require(22) node_modules/egg-session/app/extend/application.js",
    "start": 1577756611669,
    "end": 1577756611670,
    "duration": 1,
    "pid": 17384,
    "index": 26
  },
  {
    "name": "Require(23) node_modules/egg-security/app/extend/application.js",
    "start": 1577756611670,
    "end": 1577756611672,
    "duration": 2,
    "pid": 17384,
    "index": 27
  },
  {
    "name": "Require(24) node_modules/egg-jsonp/app/extend/application.js",
    "start": 1577756611673,
    "end": 1577756611674,
    "duration": 1,
    "pid": 17384,
    "index": 28
  },
  {
    "name": "Require(25) node_modules/egg-logrotator/app/extend/application.js",
    "start": 1577756611676,
    "end": 1577756611683,
    "duration": 7,
    "pid": 17384,
    "index": 29
  },
  {
    "name": "Require(26) node_modules/egg-view/app/extend/application.js",
    "start": 1577756611684,
    "end": 1577756611685,
    "duration": 1,
    "pid": 17384,
    "index": 30
  },
  {
    "name": "Require(27) node_modules/egg-jwt/app/extend/application.js",
    "start": 1577756611686,
    "end": 1577756611764,
    "duration": 78,
    "pid": 17384,
    "index": 31
  },
  {
    "name": "Load extend/request.js",
    "start": 1577756611768,
    "end": 1577756611780,
    "duration": 12,
    "pid": 17384,
    "index": 32
  },
  {
    "name": "Require(28) node_modules/egg/app/extend/request.js",
    "start": 1577756611772,
    "end": 1577756611773,
    "duration": 1,
    "pid": 17384,
    "index": 33
  },
  {
    "name": "Load extend/response.js",
    "start": 1577756611780,
    "end": 1577756611789,
    "duration": 9,
    "pid": 17384,
    "index": 34
  },
  {
    "name": "Require(29) node_modules/egg/app/extend/response.js",
    "start": 1577756611784,
    "end": 1577756611785,
    "duration": 1,
    "pid": 17384,
    "index": 35
  },
  {
    "name": "Load extend/context.js",
    "start": 1577756611789,
    "end": 1577756611868,
    "duration": 79,
    "pid": 17384,
    "index": 36
  },
  {
    "name": "Require(30) node_modules/egg-security/app/extend/context.js",
    "start": 1577756611790,
    "end": 1577756611803,
    "duration": 13,
    "pid": 17384,
    "index": 37
  },
  {
    "name": "Require(31) node_modules/egg-jsonp/app/extend/context.js",
    "start": 1577756611804,
    "end": 1577756611805,
    "duration": 1,
    "pid": 17384,
    "index": 38
  },
  {
    "name": "Require(32) node_modules/egg-i18n/app/extend/context.js",
    "start": 1577756611806,
    "end": 1577756611806,
    "duration": 0,
    "pid": 17384,
    "index": 39
  },
  {
    "name": "Require(33) node_modules/egg-multipart/app/extend/context.js",
    "start": 1577756611807,
    "end": 1577756611860,
    "duration": 53,
    "pid": 17384,
    "index": 40
  },
  {
    "name": "Require(34) node_modules/egg-view/app/extend/context.js",
    "start": 1577756611861,
    "end": 1577756611862,
    "duration": 1,
    "pid": 17384,
    "index": 41
  },
  {
    "name": "Require(35) node_modules/egg/app/extend/context.js",
    "start": 1577756611863,
    "end": 1577756611864,
    "duration": 1,
    "pid": 17384,
    "index": 42
  },
  {
    "name": "Load extend/helper.js",
    "start": 1577756611869,
    "end": 1577756611898,
    "duration": 29,
    "pid": 17384,
    "index": 43
  },
  {
    "name": "Require(36) node_modules/egg-security/app/extend/helper.js",
    "start": 1577756611869,
    "end": 1577756611890,
    "duration": 21,
    "pid": 17384,
    "index": 44
  },
  {
    "name": "Require(37) node_modules/egg/app/extend/helper.js",
    "start": 1577756611893,
    "end": 1577756611894,
    "duration": 1,
    "pid": 17384,
    "index": 45
  },
  {
    "name": "Load app.js",
    "start": 1577756611898,
    "end": 1577756611952,
    "duration": 54,
    "pid": 17384,
    "index": 46
  },
  {
    "name": "Require(38) node_modules/egg-session/app.js",
    "start": 1577756611899,
    "end": 1577756611899,
    "duration": 0,
    "pid": 17384,
    "index": 47
  },
  {
    "name": "Require(39) node_modules/egg-security/app.js",
    "start": 1577756611900,
    "end": 1577756611901,
    "duration": 1,
    "pid": 17384,
    "index": 48
  },
  {
    "name": "Require(40) node_modules/egg-onerror/app.js",
    "start": 1577756611901,
    "end": 1577756611912,
    "duration": 11,
    "pid": 17384,
    "index": 49
  },
  {
    "name": "Require(41) node_modules/egg-i18n/app.js",
    "start": 1577756611913,
    "end": 1577756611924,
    "duration": 11,
    "pid": 17384,
    "index": 50
  },
  {
    "name": "Require(42) node_modules/egg-watcher/app.js",
    "start": 1577756611925,
    "end": 1577756611928,
    "duration": 3,
    "pid": 17384,
    "index": 51
  },
  {
    "name": "Require(43) node_modules/egg-schedule/app.js",
    "start": 1577756611929,
    "end": 1577756611930,
    "duration": 1,
    "pid": 17384,
    "index": 52
  },
  {
    "name": "Require(44) node_modules/egg-multipart/app.js",
    "start": 1577756611930,
    "end": 1577756611934,
    "duration": 4,
    "pid": 17384,
    "index": 53
  },
  {
    "name": "Require(45) node_modules/egg-development/app.js",
    "start": 1577756611934,
    "end": 1577756611935,
    "duration": 1,
    "pid": 17384,
    "index": 54
  },
  {
    "name": "Require(46) node_modules/egg-logrotator/app.js",
    "start": 1577756611935,
    "end": 1577756611935,
    "duration": 0,
    "pid": 17384,
    "index": 55
  },
  {
    "name": "Require(47) node_modules/egg-static/app.js",
    "start": 1577756611936,
    "end": 1577756611936,
    "duration": 0,
    "pid": 17384,
    "index": 56
  },
  {
    "name": "Require(48) node_modules/egg-mysql/app.js",
    "start": 1577756611937,
    "end": 1577756611949,
    "duration": 12,
    "pid": 17384,
    "index": 57
  },
  {
    "name": "Require(49) node_modules/egg-cors/app.js",
    "start": 1577756611950,
    "end": 1577756611950,
    "duration": 0,
    "pid": 17384,
    "index": 58
  },
  {
    "name": "Require(50) node_modules/egg-jwt/app.js",
    "start": 1577756611951,
    "end": 1577756611951,
    "duration": 0,
    "pid": 17384,
    "index": 59
  },
  {
    "name": "Before Start in node_modules/egg-watcher/lib/init.js:15:14",
    "start": 1577756611965,
    "end": 1577756612247,
    "duration": 282,
    "pid": 17384,
    "index": 60
  },
  {
    "name": "Before Start in node_modules/egg-mysql/lib/mysql.js:20:7",
    "start": 1577756612081,
    "end": 1577756612249,
    "duration": 168,
    "pid": 17384,
    "index": 61
  },
  {
    "name": "Load Service",
    "start": 1577756612081,
    "end": 1577756612088,
    "duration": 7,
    "pid": 17384,
    "index": 62
  },
  {
    "name": "Load \"service\" to Context",
    "start": 1577756612081,
    "end": 1577756612088,
    "duration": 7,
    "pid": 17384,
    "index": 63
  },
  {
    "name": "Load Middleware",
    "start": 1577756612090,
    "end": 1577756612196,
    "duration": 106,
    "pid": 17384,
    "index": 64
  },
  {
    "name": "Load \"middlewares\" to Application",
    "start": 1577756612091,
    "end": 1577756612184,
    "duration": 93,
    "pid": 17384,
    "index": 65
  },
  {
    "name": "Load Controller",
    "start": 1577756612196,
    "end": 1577756612201,
    "duration": 5,
    "pid": 17384,
    "index": 66
  },
  {
    "name": "Load \"controller\" to Application",
    "start": 1577756612196,
    "end": 1577756612201,
    "duration": 5,
    "pid": 17384,
    "index": 67
  },
  {
    "name": "Load Router",
    "start": 1577756612201,
    "end": 1577756612206,
    "duration": 5,
    "pid": 17384,
    "index": 68
  },
  {
    "name": "Require(51) app/router.js",
    "start": 1577756612201,
    "end": 1577756612201,
    "duration": 0,
    "pid": 17384,
    "index": 69
  },
  {
    "name": "Before Start in node_modules/egg-core/lib/egg.js:303:10",
    "start": 1577756612203,
    "end": 1577756612225,
    "duration": 22,
    "pid": 17384,
    "index": 70
  }
]