{"name":"dll_b35e09dc2ca94ac6d9c1","content":{"./node_modules/object-assign/index.js":{"id":"./node_modules/object-assign/index.js","buildMeta":{"providedExports":true}},"./node_modules/prop-types/checkPropTypes.js":{"id":"./node_modules/prop-types/checkPropTypes.js","buildMeta":{"providedExports":true}},"./node_modules/prop-types/lib/ReactPropTypesSecret.js":{"id":"./node_modules/prop-types/lib/ReactPropTypesSecret.js","buildMeta":{"providedExports":true}},"./node_modules/react-dom/cjs/react-dom.development.js":{"id":"./node_modules/react-dom/cjs/react-dom.development.js","buildMeta":{"providedExports":true}},"./node_modules/react-dom/index.js":{"id":"./node_modules/react-dom/index.js","buildMeta":{"providedExports":true}},"./node_modules/react/cjs/react.development.js":{"id":"./node_modules/react/cjs/react.development.js","buildMeta":{"providedExports":true}},"./node_modules/react/index.js":{"id":"./node_modules/react/index.js","buildMeta":{"providedExports":true}},"./node_modules/scheduler/cjs/scheduler-tracing.development.js":{"id":"./node_modules/scheduler/cjs/scheduler-tracing.development.js","buildMeta":{"providedExports":true}},"./node_modules/scheduler/cjs/scheduler.development.js":{"id":"./node_modules/scheduler/cjs/scheduler.development.js","buildMeta":{"providedExports":true}},"./node_modules/scheduler/index.js":{"id":"./node_modules/scheduler/index.js","buildMeta":{"providedExports":true}},"./node_modules/scheduler/tracing.js":{"id":"./node_modules/scheduler/tracing.js","buildMeta":{"providedExports":true}}}}