{
  "mini-css-extract-plugin node_modules/css-loader/index.js??ref--5-1!static/style/pages/comm.css": [
    {
      "modules": {
        "byIdentifier": {},
        "usedIds": {}
      },
      "chunks": {
        "byName": {
          "mini-css-extract-plugin": 0
        },
        "bySource": {},
        "usedIds": [
          0
        ]
      }
    }
  ],
  "mini-css-extract-plugin node_modules/css-loader/index.js??ref--5-1!static/style/pages/detailed.css": [
    {
      "modules": {
        "byIdentifier": {},
        "usedIds": {}
      },
      "chunks": {
        "byName": {
          "mini-css-extract-plugin": 0
        },
        "bySource": {},
        "usedIds": [
          0
        ]
      }
    }
  ],
  "mini-css-extract-plugin node_modules/css-loader/index.js??ref--5-1!static/style/pages/list.css": [
    {
      "modules": {
        "byIdentifier": {},
        "usedIds": {}
      },
      "chunks": {
        "byName": {
          "mini-css-extract-plugin": 0
        },
        "bySource": {},
        "usedIds": [
          0
        ]
      }
    }
  ],
  "mini-css-extract-plugin node_modules/css-loader/index.js??ref--5-1!static/style/pages/index.css": [
    {
      "modules": {
        "byIdentifier": {},
        "usedIds": {}
      },
      "chunks": {
        "byName": {
          "mini-css-extract-plugin": 0
        },
        "bySource": {},
        "usedIds": [
          0
        ]
      }
    }
  ],
  "mini-css-extract-plugin node_modules/css-loader/index.js??ref--5-1!node_modules/highlight.js/styles/monokai-sublime.css": [
    {
      "modules": {
        "byIdentifier": {},
        "usedIds": {}
      },
      "chunks": {
        "byName": {
          "mini-css-extract-plugin": 0
        },
        "bySource": {},
        "usedIds": [
          0
        ]
      }
    }
  ],
  "mini-css-extract-plugin node_modules/css-loader/index.js??ref--5-1!node_modules/antd/dist/antd.css": [
    {
      "modules": {
        "byIdentifier": {},
        "usedIds": {}
      },
      "chunks": {
        "byName": {
          "mini-css-extract-plugin": 0
        },
        "bySource": {},
        "usedIds": [
          0
        ]
      }
    }
  ],
  "mini-css-extract-plugin node_modules/css-loader/index.js??ref--5-1!node_modules/markdown-navbar/dist/navbar.css": [
    {
      "modules": {
        "byIdentifier": {},
        "usedIds": {}
      },
      "chunks": {
        "byName": {
          "mini-css-extract-plugin": 0
        },
        "bySource": {},
        "usedIds": [
          0
        ]
      }
    }
  ],
  "mini-css-extract-plugin node_modules/css-loader/index.js??ref--5-1!static/style/components/advert.css": [
    {
      "modules": {
        "byIdentifier": {},
        "usedIds": {}
      },
      "chunks": {
        "byName": {
          "mini-css-extract-plugin": 0
        },
        "bySource": {},
        "usedIds": [
          0
        ]
      }
    }
  ],
  "mini-css-extract-plugin node_modules/css-loader/index.js??ref--5-1!static/style/components/header.css": [
    {
      "modules": {
        "byIdentifier": {},
        "usedIds": {}
      },
      "chunks": {
        "byName": {
          "mini-css-extract-plugin": 0
        },
        "bySource": {},
        "usedIds": [
          0
        ]
      }
    }
  ],
  "mini-css-extract-plugin node_modules/css-loader/index.js??ref--5-1!static/style/components/author.css": [
    {
      "modules": {
        "byIdentifier": {},
        "usedIds": {}
      },
      "chunks": {
        "byName": {
          "mini-css-extract-plugin": 0
        },
        "bySource": {},
        "usedIds": [
          0
        ]
      }
    }
  ],
  "mini-css-extract-plugin node_modules/css-loader/index.js??ref--5-1!static/style/components/footer.css": [
    {
      "modules": {
        "byIdentifier": {},
        "usedIds": {}
      },
      "chunks": {
        "byName": {
          "mini-css-extract-plugin": 0
        },
        "bySource": {},
        "usedIds": [
          0
        ]
      }
    }
  ],
  "modules": {
    "byIdentifier": {
      "css node_modules/css-loader/index.js??ref--5-1!node_modules/antd/dist/antd.css 0": 0,
      "css node_modules/css-loader/index.js??ref--5-1!static/style/pages/comm.css 0": 1,
      "css node_modules/css-loader/index.js??ref--5-1!static/style/components/header.css 0": 2,
      "css node_modules/css-loader/index.js??ref--5-1!static/style/components/footer.css 0": 3,
      "css node_modules/css-loader/index.js??ref--5-1!static/style/components/author.css 0": 4,
      "css node_modules/css-loader/index.js??ref--5-1!static/style/components/advert.css 0": 5,
      "css node_modules/css-loader/index.js??ref--5-1!static/style/pages/detailed.css 0": 6,
      "css node_modules/css-loader/index.js??ref--5-1!node_modules/markdown-navbar/dist/navbar.css 0": 7,
      "css node_modules/css-loader/index.js??ref--5-1!node_modules/highlight.js/styles/monokai-sublime.css 0": 8,
      "css node_modules/css-loader/index.js??ref--5-1!static/style/pages/index.css 0": 9,
      "css node_modules/css-loader/index.js??ref--5-1!static/style/pages/list.css 0": 10
    },
    "usedIds": {
      "0": 0,
      "1": 1,
      "2": 2,
      "3": 3,
      "4": 4,
      "5": 5,
      "6": 6,
      "7": 7,
      "8": 8,
      "9": 9,
      "10": 10
    }
  },
  "chunks": {
    "byName": {
      "commons": 0,
      "static/runtime/webpack.js": 1,
      "styles": 2,
      "static/runtime/main.js": 3,
      "static\\OyJy-qSkhYHJE6wgdTkzu\\pages\\_app.js": 4,
      "static\\OyJy-qSkhYHJE6wgdTkzu\\pages\\_error.js": 5,
      "static\\OyJy-qSkhYHJE6wgdTkzu\\pages\\detailed.js": 6,
      "static\\OyJy-qSkhYHJE6wgdTkzu\\pages\\index.js": 7,
      "static\\OyJy-qSkhYHJE6wgdTkzu\\pages\\list.js": 8
    },
    "bySource": {},
    "usedIds": [
      0,
      1,
      2,
      3,
      4,
      5,
      6,
      7,
      8
    ]
  }
}