{
  "modules": {
    "byIdentifier": {
      "multi private-next-pages/_app.js": 0,
      "multi private-next-pages/detailed.js": 1,
      "multi private-next-pages/index.js": 2,
      "multi private-next-pages/list.js": 3,
      "multi next/dist/pages/_error": 4,
      "multi next/dist/pages/_document": 5
    },
    "usedIds": {
      "0": 0,
      "1": 1,
      "2": 2,
      "3": 3,
      "4": 4,
      "5": 5
    }
  },
  "chunks": {
    "byName": {
      "static\\rffSU1ruP2FCgs1RgtsNa\\pages\\_app.js": 0,
      "static\\rffSU1ruP2FCgs1RgtsNa\\pages\\_document.js": 1,
      "static\\rffSU1ruP2FCgs1RgtsNa\\pages\\_error.js": 2,
      "static\\rffSU1ruP2FCgs1RgtsNa\\pages\\detailed.js": 3,
      "static\\rffSU1ruP2FCgs1RgtsNa\\pages\\index.js": 4,
      "static\\rffSU1ruP2FCgs1RgtsNa\\pages\\list.js": 5
    },
    "bySource": {},
    "usedIds": [
      0,
      1,
      2,
      3,
      4,
      5
    ]
  }
}